Workbook

Sheet Input Sheet
A1: supplier_name | B1: supplier_code | D1: supplier_address | F1: unit_name | G1: no_employees | H1: main_product_service | J1: tag | K1: contact_name | L1: job_title | M1: contact_email | N1: contact_phone | O1: country | P1: industry_category | Q1: tier
A2: 供應商名稱 | B2: 供應商代碼 | C2: 國家/地區 | D2: 供應商地址 （選填） | E2: 產業類別 （選填） | F2: 單位名稱 | G2: 員工人數 （選填） | H2: 主要產品/服務 （選填） | I2: 分級 （選填） | J2: 標籤 （選填） | K2: 聯絡人姓名 （選填） | L2: 職稱 （選填） | M2: 聯絡人電子信箱 | N2: 聯絡人電話 （選填） | O2: 國家/地區 | P2: 產業類別 | Q2: 分級
O3: =IF(C3="","",IFERROR(VLOOKUP(C3,'Dropdown Values'!$A:$B,2,FALSE),C3)) | P3: =IF(E3="","",IFERROR(VLOOKUP(E3,'Dropdown Values'!$C:$D,2,FALSE),E3)) | Q3: =IF(I3="","",IFERROR(VLOOKUP(I3,'Dropdown Values'!$F:$G,2,FALSE),I3))
O4: =IF(C4="","",IFERROR(VLOOKUP(C4,'Dropdown Values'!$A:$B,2,FALSE),C4)) | P4: =IF(E4="","",IFERROR(VLOOKUP(E4,'Dropdown Values'!$C:$D,2,FALSE),E4)) | Q4: =IF(I4="","",IFERROR(VLOOKUP(I4,'Dropdown Values'!$F:$G,2,FALSE),I4))
O5: =IF(C5="","",IFERROR(VLOOKUP(C5,'Dropdown Values'!$A:$B,2,FALSE),C5)) | P5: =IF(E5="","",IFERROR(VLOOKUP(E5,'Dropdown Values'!$C:$D,2,FALSE),E5)) | Q5: =IF(I5="","",IFERROR(VLOOKUP(I5,'Dropdown Values'!$F:$G,2,FALSE),I5))
O6: =IF(C6="","",IFERROR(VLOOKUP(C6,'Dropdown Values'!$A:$B,2,FALSE),C6)) | P6: =IF(E6="","",IFERROR(VLOOKUP(E6,'Dropdown Values'!$C:$D,2,FALSE),E6)) | Q6: =IF(I6="","",IFERROR(VLOOKUP(I6,'Dropdown Values'!$F:$G,2,FALSE),I6))
O7: =IF(C7="","",IFERROR(VLOOKUP(C7,'Dropdown Values'!$A:$B,2,FALSE),C7)) | P7: =IF(E7="","",IFERROR(VLOOKUP(E7,'Dropdown Values'!$C:$D,2,FALSE),E7)) | Q7: =IF(I7="","",IFERROR(VLOOKUP(I7,'Dropdown Values'!$F:$G,2,FALSE),I7))
O8: =IF(C8="","",IFERROR(VLOOKUP(C8,'Dropdown Values'!$A:$B,2,FALSE),C8)) | P8: =IF(E8="","",IFERROR(VLOOKUP(E8,'Dropdown Values'!$C:$D,2,FALSE),E8)) | Q8: =IF(I8="","",IFERROR(VLOOKUP(I8,'Dropdown Values'!$F:$G,2,FALSE),I8))
O9: =IF(C9="","",IFERROR(VLOOKUP(C9,'Dropdown Values'!$A:$B,2,FALSE),C9)) | P9: =IF(E9="","",IFERROR(VLOOKUP(E9,'Dropdown Values'!$C:$D,2,FALSE),E9)) | Q9: =IF(I9="","",IFERROR(VLOOKUP(I9,'Dropdown Values'!$F:$G,2,FALSE),I9))
O10: =IF(C10="","",IFERROR(VLOOKUP(C10,'Dropdown Values'!$A:$B,2,FALSE),C10)) | P10: =IF(E10="","",IFERROR(VLOOKUP(E10,'Dropdown Values'!$C:$D,2,FALSE),E10)) | Q10: =IF(I10="","",IFERROR(VLOOKUP(I10,'Dropdown Values'!$F:$G,2,FALSE),I10))
O11: =IF(C11="","",IFERROR(VLOOKUP(C11,'Dropdown Values'!$A:$B,2,FALSE),C11)) | P11: =IF(E11="","",IFERROR(VLOOKUP(E11,'Dropdown Values'!$C:$D,2,FALSE),E11)) | Q11: =IF(I11="","",IFERROR(VLOOKUP(I11,'Dropdown Values'!$F:$G,2,FALSE),I11))
O12: =IF(C12="","",IFERROR(VLOOKUP(C12,'Dropdown Values'!$A:$B,2,FALSE),C12)) | P12: =IF(E12="","",IFERROR(VLOOKUP(E12,'Dropdown Values'!$C:$D,2,FALSE),E12)) | Q12: =IF(I12="","",IFERROR(VLOOKUP(I12,'Dropdown Values'!$F:$G,2,FALSE),I12))
O13: =IF(C13="","",IFERROR(VLOOKUP(C13,'Dropdown Values'!$A:$B,2,FALSE),C13)) | P13: =IF(E13="","",IFERROR(VLOOKUP(E13,'Dropdown Values'!$C:$D,2,FALSE),E13)) | Q13: =IF(I13="","",IFERROR(VLOOKUP(I13,'Dropdown Values'!$F:$G,2,FALSE),I13))
O14: =IF(C14="","",IFERROR(VLOOKUP(C14,'Dropdown Values'!$A:$B,2,FALSE),C14)) | P14: =IF(E14="","",IFERROR(VLOOKUP(E14,'Dropdown Values'!$C:$D,2,FALSE),E14)) | Q14: =IF(I14="","",IFERROR(VLOOKUP(I14,'Dropdown Values'!$F:$G,2,FALSE),I14))
... O10002: =IF(C10002="","",IFERROR(VLOOKUP(C10002,'Dropdown Values'!$A:$B,2,FALSE),C10002)) | P10002: =IF(E10002="","",IFERROR(VLOOKUP(E10002,'Dropdown Values'!$C:$D,2,FALSE),E10002)) | Q10002: =IF(I10002="","",IFERROR(VLOOKUP(I10002,'Dropdown Values'!$F:$G,2,FALSE),I10002))

Sheet Instructions
A2: 點擊此連結以了解如何填寫輸入範本。

Sheet Dropdown Values
A1: Country/Area | B1: Country Key | C1: Industry Category | D1: Industry Key | E1: Unit Name | F1: Tier | G1: Tier Key | H1: Tag Name
A2: 阿富汗 | B2: AF | C2: 電器製造 | D2: CG-AM | E2: 中國廣州廠(B1棟)-AE | F2: 分級 1 | G2: TIER_1
A3: 阿克羅蒂里主權基地 | B3: AKROTIRI | C3: 裝修材料與家具 | D3: CG-BF | E3: 台灣高雄廠-AE | F3: 分級 2 | G3: TIER_2
A4: 奧蘭 | B4: AX | C4: 電子商務 | D4: CG-EC | E4: 墨西哥廠-AE | F4: 分級 3 | G4: TIER_3
A5: 阿爾巴尼亞 | B5: AL | C5: 家庭與個人用品 | D5: CG-HP | F5: 其他 | G5: OTHER
A6: 阿爾及利亞 | B6: DZ | C6: 多線及專業零售商與配銷商 | D6: CG-MR
A7: 美屬薩摩亞 | B7: AS | C7: 煤炭營運 | D7: EM-CO
A8: 安道爾 | B8: AD | C8: 建築材料 | D8: EM-CM
A9: 安哥拉 | B9: AO | C9: 鋼鐵製造商 | D9: EM-IS
A10: 安圭拉 | B10: AI | C10: 金屬與採礦 | D10: EM-MM
A11: 安地卡及巴布達 | B11: AG | C11: 石油與天然氣—探勘與生產 | D11: EM-EP
A12: 阿根廷 | B12: AR | C12: 石油與天然氣—中游 | D12: EM-MD
A13: 亞美尼亞 | B13: AM | C13: 石油與天然氣—精煉與行銷 | D13: EM-RM
A14: 阿魯巴 | B14: AW | C14: 石油與天然氣—服務 | D14: EM-SV
A15: 澳洲 | B15: AU | C15: 資產管理與保管業務 | D15: FN-AC
A16: 奧地利 | B16: AT | C16: 商業銀行 | D16: FN-CB
A17: 亞塞拜然 | B17: AZ | C17: 保險 | D17: FN-IN
... A77: 愛沙尼亞 | B77: EE | C77: 教育 | D77: SV-ED
A78: 史瓦帝尼 | B78: SZ
A79: 衣索比亞 | B79: ET
A80: 福克蘭群島 | B80: FK
A81: 法羅群島 | B81: FO
A82: 斐濟 | B82: FJ
A83: 芬蘭 | B83: FI
A84: 法國 | B84: FR
A85: 法屬圭亞那 | B85: GF
A86: 法屬玻里尼西亞 | B86: PF
A87: 法屬南部領地 | B87: TF
A88: 加彭 | B88: GA
A89: 甘比亞 | B89: GM
... A267: 辛巴威 | B267: ZW
